Hotel Name,City,Country
The Chow Kit,Kuala Lumpur, Malaysia
Abode Bombay,Mumbai, India
Max Brown Midtown,Düsseldorf, Germany
Nostos Serifos,Serifos, Greece
The Falstaff,Canterbury, United Kingdom
Rosa Et Al Townhouse,Porto, Portugal
Cressa Suites,Crete, Greece
Aava Resort & Spa,Khanom, Thailand
The Lindley,Frankfurt, Germany
Volve Hotel Bangkok,Bangkok, Thailand
Palazzo Presta,Puglia, Italy
Hotel Rum Budapest,Budapest, Hungary
Max Brown Ku'Damm,Berlin, Germany
Viroth's Villa,Siem Reap, Cambodia
Navutu Dreams Resort & Wellness Retreat,Siem Reap, Cambodia
Aleró Seaside Skyros Resort,Skyros, Greece
Cape Kudu Hotel,Koh Yao Noi, Thailand
Hotel Tiki Tiki Tulum,Tulum, Mexico
Esmé Miami Beach Hotel,Miami, United States
Castell d'Empordà,Empordà, Spain
Saman Boutique Hotel,Dominican Republic,Dominican Republic
Kaap Mooi,Cape Town, South Africa
Octant Lousã,Coimbra, Portugal
Hotel Pulitzer Buenos Aires,Buenos Aires, Argentina
The Beckford Arms,Wiltshire, United Kingdom
The George in Rye,East Sussex, United Kingdom
The Pheasant Inn,Berkshire, United Kingdom
Santorini Sky,Santorini, Greece
Max Brown 7th District,Vienna, Austria
Hotel J,Stockholm, Sweden
The Talbot Inn,Somerset, United Kingdom
"Salt of Palmar, Mauritius",Mauritius,Mauritius
Blique by Nobis,Stockholm, Sweden
The Bath Arms at Longleat,Wiltshire, United Kingdom
Eastwind Lake Placid,Upstate New York, United States
Public House,Bangkok, Thailand
The Modernist Thessaloniki,Thessaloniki, Greece
Click Clack Hotel Bogotá,Bogotá, Colombia
The Swan,Oxfordshire, United Kingdom
The Prestige Hotel,George Town, Malaysia
Le Lumie,Sicily, Italy
Cortijo del Marqués ,Granada Province, Spain
Native Manchester,Manchester , United Kingdom
TheVagar Country House,Belmonte, Portugal
28 Kothi,Jaipur, India
"Life House, Berkshires",Berkshires, United States
Lord Poulett Arms,Somerset, United Kingdom
Freehand Los Angeles,Los Angeles, United States
Noa Boutique Hotel,A Coruña, Spain
Rohet Garh,Rajasthan, India
Rooms Hotel Kazbegi,Kazbegi, Georgia
Samode Haveli,Jaipur, India
Arima Hotel & Spa,San Sebastián, Spain
Hotel La Semilla,Playa del Carmen, Mexico
Hôtel Walla​​ce,Paris, France
Bluebird Lake Placid,Upstate New York, United States
The Grosvenor Arms,Dorset, United Kingdom
Castro Hotel Syros,Syros, Greece
Hotel Boutique San Diego,Tenerife, Spain
Rooms Hotel Tbilisi,Tbilisi, Georgia
Octant Santiago,Alentejo, Portugal
The Bell in Ticehurst,East Sussex, United Kingdom
Wilmina,Berlin, Germany
La Purificadora,Puebla, Mexico
No 38 The Park ,Cheltenham, United Kingdom
The Wheatsheaf Inn,Cotswolds, United Kingdom
Kozmo Hotel Suites & Spa,Budapest, Hungary
Les Pardines 1819,Encamp, Andorra
Hare & Hounds Newbury,Berkshire, United Kingdom
The Corinda Collection ,Hobart, Australia
Met Hotel La Paz,La Paz, Bolivia
The Ranch Motel & Leisure Club,San Antonio, United States
Madada Mogador,Essaouira, Morocco
The Pavilions Himalayas,Pokhara, Nepal
The Rohet House,Jodhpur, India
Dar One,Marrakech, Morocco
Zagame's House,Melbourne, Australia
No 131,Cheltenham, United Kingdom
Surf Hotel & Chateau,Buena Vista, United States
Bluebird Hunter Lodge,Catskills, United States
The Talbot,Malton, United Kingdom
The Apsara Rive Droite,Luang Prabang, Laos
The Editory Boulevard Aliados,Porto, Portugal
Oriental Residence,Bangkok, Thailand
Ovolo Nishi,Canberra, Australia
Loea Boutique Hotel,Sunshine Coast, Australia
Visalam,Tamil Nadu, India
Sir Savigny,Berlin, Germany
The Yard in Bath,Bath, United Kingdom
Mona,Athens, Greece
Mathis Lodge Amed,Bali, Indonesia
Casa Mediterraneo,Kastellorizo, Greece
Hotel Zetta San Francisco,San Francisco, United States
Else Kuala Lumpur,Kuala Lumpur, Malaysia
The Sandy Duck,Cornwall, United Kingdom
Como Metropolitan Bangkok,Bangkok, Thailand
Riad Azzar,Marrakech, Morocco
The Close,Cotswolds, United Kingdom
Palais Gentile,Matino, Italy
Can Mascort Eco Hotel,Palafrugell, Spain
Copsamare Guesthouses,Transylvania, Romania
The Pearl Hotel,San Diego, United States
Tuddenham Mill,Suffolk, United Kingdom
The Bale Phnom Penh,Phnom Penh, Cambodia
QT Newcastle,Newcastle, Australia
Narendra Bhawan,Rajasthan, India
Moss Hotel,Hobart, Australia
The Glenburn Penthouse,Kolkata, India
Casa Cook Rhodes,Rhodes, Greece
Amarla Boutique Hotel Casco Viejo,Panama City, Panama
Villa Mahabhirom,Chiang Mai, Thailand
Sextantio Albergo Diffuso,Abruzzo, Italy
Hotel Verdigris,Phuket, Thailand
Viroth's Hotel,Siem Reap, Cambodia
The Crown,Buckinghamshire, United Kingdom
Conversas de Alpendre,Algarve, Portugal
BoHo Hotel,Prague, Czechia
Timbrell's Yard,Wiltshire, United Kingdom
The Woolstore 1888 by Ovolo,Sydney, Australia
Lamego Hotel,Douro Valley, Portugal
"Life House, Nantucket",Nantucket, United States
Taller de Juan Casa-Hotel,San Cristóbal de Las Casas, Mexico
Grand Forest Metsovo,Metsovo, Greece
Blue Iris by Life House,Nantucket, United States
Colegio Charm House,Tavira, Portugal
Una Vida,Tulum, Mexico
Bluebird Sunapee,New Hampshire, United States
Nobu Hotel Warsaw,Warsaw, Poland
Hotel Dryce,Fort Worth, United States
Queensberry Hotel,Bath, United Kingdom
Three House Hotel,Funchal, Portugal
Alex Hotel,Perth, Australia
Futangue Hotel & Spa,Chilean Lake District, Chile
Gorgeous George,Cape Town, South Africa
Cannúa,Marinilla, Colombia
Lancemore Crossley St.,Melbourne , Australia
Bluebird Tälta Lodge,Vermont, United States
Casa Muuch,Isla Holbox, Mexico
Domes Noruz Kassandra,Halkidiki, Greece
Ebb Dunedin,Dunedin, New Zealand
Sa Rota d'en Palerm,Mallorca, Spain
Ocean Drive Talamanca,Ibiza, Spain
P'tit Habibi,Marrakech, Morocco
Ulysses,Baltimore, United States
La Lancha,Peten, Guatemala
Finca Valentina,Salta, Argentina
The Cow,Derbyshire, United Kingdom
The Inchcolm by Ovolo,Brisbane, Australia
The Cotley Inn,Somerset, United Kingdom
Village by Boa,Porto, Portugal
Hotel El Ganzo,Los Cabos, Mexico
Tuve,Hong Kong, China
Azade Chania,Chania, Greece
Hotel DeBrett,Auckland, New Zealand
Château les Merles,Dordogne, France
Hôtel Panache,Paris, France
Ksar Fawz & Spa,Marrakech, Morocco
Laneways by Ovolo,Melbourne, Australia
Cœur de Megève,Megève, France
Palazzo Belvedere,Montecatini Terme, Italy
Lango Design Hotel & Spa,Kos, Greece
Eckington Manor,Worcestershire, United Kingdom
"The Bird, Bath",Bath, United Kingdom
The Beacon,Royal Tunbridge Wells, United Kingdom
The Strand,Sydney, Australia
202 Elizabeth,Sydney, Australia
"Life House, Little Havana",Miami, United States
Faraway Nantucket,Nantucket, United States
Elix,Epirus Coast, Greece
Mob House,Paris, France
Dexamenes Seaside Hotel,Western Peloponnese, Greece
The Queen's Arms,Somerset, United Kingdom
Sentinel,Portland, United States
The RuMa Hotel and Residences,Kuala Lumpur, Malaysia
The Sarojin,Phang Nga, Thailand
Callicoon Hills,Catskills, United States
Leeda's Village,Zakynthos, Greece
The Fleming,Hong Kong, China
Fable Auckland,Auckland, New Zealand
QT Wellington,Wellington, New Zealand
The Old Clare,Sydney, Australia
Borgo della Marmotta,Umbria, Italy
Aethos Saragano,Umbria, Italy
Jardins do Porto Boutique Guest House,Porto, Portugal
Pimalai Resort & Spa,Krabi, Thailand
The Hotel Britomart,Auckland, New Zealand
Locanda Rossa,Tuscany, Italy
Alma Histórica Boutique Hotel,Montevideo, Uruguay
Canto de Luz,Porto, Portugal
Terra Rosa Country House & Vineyards,Ponte de Lima, Portugal
Exeter Hotel,Reykjavík, Iceland
Welgelegen,Cape Town, South Africa
Pillows Grand Boutique Hotel Reylof Ghent,Ghent, Belgium
Coombeshead Farm,Cornwall, United Kingdom
Treeline Urban Resort,Siem Reap, Cambodia
Artist Residence Brighton,Brighton, United Kingdom
Artist Residence Cornwall,Cornwall, United Kingdom
Merrill House,Prince Edward County, Canada
Soho House Mumbai,Mumbai, India
Stanwell House,Lymington, United Kingdom
QT Gold Coast,Gold Coast, Australia
Amatte San Miguel de Allende,San Miguel de Allende, Mexico
Riad Jaaneman,Marrakech, Morocco
The Slate Phuket,Phuket, Thailand
Cristine Bedfor,Menorca, Spain
Koia All-Suite Wellbeing Resort,Kos, Greece
Vivood Landscape Hotel,Alicante, Spain
Contessina Suites & Spa,Zakynthos, Greece
The Blonde Hedgehog,Alderney, United Kingdom
Parkhotel Mondschein,South Tyrol, Italy
The Edison George Town,Penang, Malaysia
The Provincial Ballarat,Ballarat, Australia
Cretan Malia Park,Crete, Greece
Catbird Hotel,Denver, United States
Casa Habita,Guadalajara, Mexico
Artist Residence Oxfordshire,Oxfordshire, United Kingdom
Artist Residence Bristol,Bristol, United Kingdom
Azerai Ke Ga Bay,Binh Thuan Province, Vietnam
Triana House Boutique Hotel,Seville, Spain
Casa do Conto,Porto, Portugal
Anemi Folegandros,Folegandros, Greece
Branco Mykonos,Mykonos, Greece
La Maison du Frêne,Côte d'Azur, France
Poseidonion Grand Hotel,Spetses, Greece
Miss Clara,Stockholm, Sweden
D-Resort Šibenik,Šibenik, Croatia
The Villa Bentota,Bentota, Sri Lanka
Les Hautes Mers,L'Ile-d'Yeu, France
La Casa de los Naranjos,Lanzarote, Spain
Hotel Revival,Baltimore, United States
Como Point Yamu,Phuket, Thailand
Le Relais de Chambord,Chambord, France
Grand Ferdinand,Vienna, Austria
Lunuganga Estate,Bentota, Sri Lanka
Asmundo di Gisira,Catania, Italy
Gillham Vineyard Hotel,"Ilgaz, Northern Cyprus", Cyprus
Alila Manggis,Bali, Indonesia
Almyra,Paphos, Cyprus
The Modernist Athens,Athens, Greece
Amyth of Mykonos,Mykonos, Greece
Amyth of Mykonos,Mykonos, Greece
Birdcage 33,Bodrum, Turkey
Ka Bru Beach Boutique Hotel,Bahia, Brazil
Borgo Canonica,Puglia, Italy
Le Jardin des Douars,Essaouira, Morocco
Rawla Narlai,Rajasthan, India
Hôtel Peter and Paul,New Orleans, United States
The Sunseeker,Byron Bay, Australia
Sendero Hotel,Nicoya Peninsula, Costa Rica
Azerai Can Tho,Can Tho, Vietnam
Kinsterna Hotel ,East Peloponnese, Greece
Freehand New York,New York, United States
Wild Thyme & Honey,Cotswolds, United Kingdom
MesaStila,Yogyakarta, Indonesia
Margate House,Margate, United Kingdom
Field Guide Lodge,Vermont, United States
Palais Amani,Fez, Morocco
Knai Bang Chatt,Kep, Cambodia
Tipografia do Conto,Porto, Portugal
Satri House,Luang Prabang, Laos
Liostasi,Ios, Greece
"No.1 by Guesthouse, York",York, United Kingdom
Contessina Hotel,Zakynthos, Greece
Casa Cook North Coast,North Coast, Egypt
Hotel des Arts Saigon,Ho Chi Minh City, Vietnam
Samode Palace,Jaipur, India
The Peech Hotel,Johannesburg, South Africa
Paradise Road Tintagel Colombo,Colombo, Sri Lanka
B.O.G. Hotel,Bogotá, Colombia
Senhora da Rosa,Azores, Portugal
Kaner Retreat,Thar Desert, India
Villa Magalean Hotel & Spa,Hondarribia, Spain
Bask & Stow,Byron Bay, Australia
King Street Townhouse,Manchester, United Kingdom
Establishment Hotel,Sydney, Australia
Oddfellows on the Park,Manchester, United Kingdom
Lux Grand Gaube,Mauritius,Mauritius
Grand Joanne,Copenhagen, Denmark
Las Qolqas,Ollantaytambo, Peru
The Robey,Chicago, United States
QT Bondi,Sydney, Australia
Hotel Alaia,Punta de Lobos, Chile
Schoone Oordt,The Garden Route, South Africa
Casa Hormiga,Bacalar, Mexico
Masseria Le Carrube,Puglia, Italy
Cape Nidhra Hotel,Hua Hin, Thailand
Ace Hotel Sydney,Sydney, Australia
Tri,Lake Koggala, Sri Lanka
Boutique Hotel Sablon,Bruges, Belgium
Memmo Alfama,Lisbon, Portugal
Hotel Signum,Salina, Italy
The Moorings,Jersey,Jersey
Hôtel Rochechouart,Paris, France
Numo Ierapetra Beach Resort,Crete, Greece
Fowey Hall,Cornwall, United Kingdom
Villa Rosmarino,Riviera di Levante, Italy
Cinco Rodavento,Valle de Bravo, Mexico
QT Queenstown,Queenstown, New Zealand
Cora Apartments,Leipzig, Germany
The Julius,Prague, Czechia
Rocabella Mykonos,Mykonos, Greece
Casa No Name,San Miguel de Allende , Mexico
Royal Heritage Haveli ,Jaipur, India
Torre del Marqués Hotel Spa & Winery,Matarraña, Spain
Hotel Skt. Annæ,Copenhagen, Denmark
Our Habitas San Miguel de Allende,San Miguel de Allende, Mexico
Wylder Windham,Catskills, United States
Anantara Bophut Koh Samui Resort,Koh Samui, Thailand
Locanda Palazzone,Umbria, Italy
The Royston,Powys, United Kingdom
Walker Hotel Tribeca,New York, United States
The Mayfair,Christchurch, New Zealand
Somewhere Lombok,Lombok, Indonesia
Yoo2 Rio de Janeiro,Rio de Janeiro, Brazil
Oxygen Jungle Villas,Uvita de Osa, Costa Rica
Eastwind,Catskills, United States
Click Clack Hotel Medellín,Medellín, Colombia
I Tre Bacili,Salento, Italy
Pillows Grand Boutique Hotel Ter Borch,Zwolle, Netherlands
"No. 42 by Guesthouse, Margate",Margate, United Kingdom
Villa Tokay,Gili Air, Indonesia
Pillows Grand Boutique Hotel Ter Borch,Zwolle, Netherlands
Ultimate Provence,Provence, France
The Rectory Hotel,Cotswolds, United Kingdom
21212,Edinburgh, United Kingdom
La Suite by Dussol,Rio de Janeiro, Brazil
Sextantio le Grotte della Civita,Basilicata, Italy
The Bradley Hare,Wiltshire, United Kingdom
The Agora Hotel,Pano Lefkara, Cyprus
"Soho House Tel Aviv, Jaffa",Tel Aviv, Israel
Casa Beatnik Hotel,Galicia, Spain
Sala Phuket,Phuket, Thailand
Little National Hotel Sydney,Sydney , Australia
Bergen Børs Hotel,Bergen, Norway
Mia Resort,Nha Trang, Vietnam
Sands Hotel & Spa,Greater Palm Springs, United States
Alila Ubud,Bali, Indonesia
PortoBay Teatro,Porto, Portugal
Potato Head Suites and Studios,Bali, Indonesia
"Life House, Lower Highlands",Denver, United States
"The Nest, by Cooking & Nature",Porto de Mós, Portugal
Noah House,Cape Town, South Africa
Oxford House,Sydney, Australia
Aleenta Retreat Chiang Mai,Chiang Mai, Thailand
Briig Boutique Hotel,Split, Croatia
Myconian Ambassador,Mykonos, Greece
The Saint John,Valletta, Malta
Château de Saint Paterne,Normandy, France
Cambria Beach Lodge,Cambria, United States
Principe di Salina,Salina, Italy
Imani Country House,Alentejo, Portugal
Salvaterra Country House & Spa,Ribatejo, Portugal
Octant Évora,Alentejo, Portugal
Le Moulin,Luberon, France
Canfranc Estación,Canfranc, Spain
Saboaria,Porto, Portugal
Ka Bru 1100 Boutique Hotel ,Bahia, Brazil
Jalakara,Havelock Island, India
"Shila, Athens",Athens, Greece
Hotel Bohinj,Lake Bohinj, Slovenia
Eastwind Oliverea Valley,Catskills, United States
Essence Peregian Beach,Sunshine Coast, Australia
Number Thirty Eight,Bristol, United Kingdom
My Mykonos Hotel,Mykonos, Greece
Harbourmaster Hotel,Cardigan Bay, United Kingdom
Hotel Brosundet,Ålesund, Norway
Palazzo Rainis,Novigrad, Croatia
Our Habitas Atacama,Atacama Desert, Chile
Living Heritage Koslanda,Koslanda, Sri Lanka
Hotel Kompas,Dubrovnik, Croatia
CoolRooms Palacio de Luces,Asturias, Spain
Hotel Lilien,Catskills, United States
The Singular Santiago,Santiago, Chile
Kumu Beach,Balapitiya, Sri Lanka
Manoir de Plaisance,Charente-Maritime, France
The Emblem Hotel,Prague, Czechia
Line LA,Los Angeles, United States
QT Perth,Perth, Australia
Kvosin Hotel,Reykjavik, Iceland
La Tour d'Eole,Dakhla, Western Sahara
Hotel Havana,San Antonio, United States
Masseria Cervarolo,Puglia, Italy
Azure Sky,Palm Springs, United States
Casa Yahri,Barichara, Colombia
Brunton Boatyard,Kerala, India
Eagles Palace,Halkidiki, Greece
Palazzo Seneca,Umbria, Italy
1898 The Post,Ghent, Belgium
Wallawwa,Colombo, Sri Lanka
Escape,Llandudno, United Kingdom
Hotel June West LA,Los Angeles, United States
Hero Beach Club,Hamptons, United States
Rectory Farm,Northamptonshire, United Kingdom
La Dehesa de Don Pedro,Monesterio, Spain
Suryagarh,Rajasthan, India
Heure Bleue,Essaouira, Morocco
The Chedi Lustica Bay,Lustica Bay, Montenegro
The Asbury Hotel,New Jersey, United States
QT Auckland,Auckland, New Zealand
Celestial All Suites Kefalonia,Kefalonia & Ithaca, Greece
Cielo Samui Boutique Hotel & Spa,Koh Samui, Thailand
Elmley Nature Reserve,Kent, United Kingdom
Nido,Corfu, Greece
Regina Experimental Biarritz,Biarritz, France
"No.15 by Guesthouse, Bath",Bath, United Kingdom
The Royal Purnama,Bali, Indonesia
Hotel Greystone,Miami, United States
Hôtel Le Garage Biarritz,Biarritz, France
Casa de la Flora,Khao Lak, Thailand
Ovolo Woolloomooloo,Sydney, Australia
Kapsaliana Village Hotel,Crete, Greece
QT Melbourne,Melbourne, Australia
Mett Hotel & Beach Resort Bodrum,Bodrum, Turkey
Azienda Agricola Mandranova,Sicily, Italy
Maison Brummell Majorelle,Marrakech, Morocco
QT Sydney,Sydney, Australia
Hotel Theodore,Seattle, United States
The Mont,Dublin, Ireland
Bingham Riverhouse,London, United Kingdom
Twinpalms Phuket,Phuket, Thailand
Clos 1906,Saint-Émilion, France
Maison Matilda,Treviso, Italy
Naxian on the Beach,Naxos, Greece
Angsana Corfu Resort & Spa,Corfu, Greece
The Harper,Norfolk, United Kingdom
Ergon House,Athens, Greece
Nerva Boutique Hotel,Rome, Italy
Kasbah du Toubkal,Atlas Mountains, Morocco
Weeke Barton,Devon, United Kingdom
Wildhive Callow Hall,Peak District, United Kingdom
On Residence,Thessaloniki, Greece
Civilian Hotel,New York, United States
An Lam Retreats Saigon River,Ho Chi Minh City, Vietnam
Octant Ponta Delgada,"São Miguel, Azores", Portugal
Hospes Palau de la Mar,Valencia, Spain
Noah Surf House,Santa Cruz, Portugal
Hotel Caserío Aldeallana,Segovia, Spain
Faustino Gran,menorca, Spain
Alsace LA,Los Angeles, United States
Annabelle,Paphos, Cyprus
KK Beach,Galle, Sri Lanka
Farol Hotel,Cascais, Portugal
Le Mas de la Rose,Provence, France
"The Standard, Bangkok ",Bangkok, Thailand
Hotel St Paul,Montreal, Canada
Cocorico,Porto, Portugal
Spicers Potts Point,Sydney, Australia
Oku Kos,Kos, Greece
Zash Country Boutique Hotel & Spa,Sicily, Italy
Santa Barbara Eco Resort,Azores, Portugal
Ottantotto Firenze,Florence, Italy
The Racha,Phuket, Thailand
La Résidence d'Angkor,Siem Reap, Cambodia
Line DC,Washington DC, United States
Casa das Penhas Douradas,Serra da Estrela , Portugal
Ekies All Senses Resort,Halkidiki, Greece
Quinta dos Murças,Douro Valley, Portugal
High Road House,London, United Kingdom
Saluti da Stampalia Suites,Astypalaia, Greece
Hotel Saint André des Arts,Paris, France
The Rockaway Hotel + Spa,New York, United States
Villa Barranco,Lima, Peru
Riad Fès,Fez, Morocco
The Siren,Detroit, United States
The Radical,Asheville, United States
L'Eldorado,Paris, France
Fontelunga Hotel & Villas,Tuscany, Italy
Gorki Apartments,Berlin, Germany
San Francisco Proper,San Francisco, United States
The Grosvenor Stockbridge,Hampshire, United Kingdom
The Bohemian,Canggu, Indonesia
Ishq Colombo,Colombo, Sri Lanka
Myconian Kyma,Mykonos, Greece
Downtown Mexico,Mexico City, Mexico
Sir Adam,Amsterdam, Netherlands
Verina Astra,Sifnos, Greece
Pioneertown Motel,San Bernardino County, United States
Hôtel & Spa Belle Plage,Cannes, France
Château Léognan,Bordeaux, France
SwaSwara,Karnataka, India
Hotel Habita,Mexico City, Mexico
Amirandes,Crete, Greece
The Lotus,Kerala, India
Hôtel Adèle & Jules,Paris, France
Avalon Palm Springs,Palm Springs, United States
Lux Belle Mare,Mauritius,Mauritius
Anantara Lawana Resort & Spa,Koh Samui, Thailand
Stillwater Seven,Launceston, Australia
Brown's Avenue Hotel,Lisbon, Portugal
Casa a Corte,Nardò, Italy
The Grandtully Hotel by Ballintaggart,Perthshire, United Kingdom
Blind Tiger Asheville,Asheville, United States
The Notary,Bruges, Belgium
The Old Bell Hotel,Wiltshire, United Kingdom
Artemisia Domus Giardino,Naples, Italy
The Islington Hotel,Hobart, Australia
Paraíso de los Pinos,Formentera, Spain
Montesol Experimental,Ibiza, Spain
Casa Cook Samos,Samos, Greece
Pulitzer Paris Hotel,Paris, France
One Santuario Natural,Palomino, Colombia
Malabar Escapes: Trinity,Kerala, India
Kensington Place,Cape Town, South Africa
Bisma Eight,Bali, Indonesia
Grove of Narberth,Pembrokeshire, United Kingdom
Caravan by Habitas Agafay,Agafay Desert, Morocco
The Zetter Clerkenwell,London, United Kingdom
Château St Pierre de Serjac,Montpellier, France
Casa Laguna Hotel & Spa,Laguna Beach, United States
Yurbban Trafalgar Hotel,Barcelona, Spain
Fort Bazaar,Galle, Sri Lanka
Casa Cody,Palm Springs, United States
La Casa Rodavento,Valle de Bravo, Mexico
Locanda in Tuscany,Tuscany, Italy
Manoir de Surville,Normandy, France
Tourists,Berkshires, United States
Ion City Hotel,Reykjavik, Iceland
7 Koppies Farm,Franschhoek, South Africa
The Rebello Hotel & Spa,Porto, Portugal
Coot Club,Stanford, South Africa
Château de Vignée,Rochefort, Belgium
Empire Retreat and Spa,Margaret River, Australia
Our Habitas Tulum,Tulum, Mexico
Immerso,Ericeira, Portugal
Amagatay Menorca,Menorca, Spain
Soho Roc House,Mykonos, Greece
Boys Hall,Kent, United Kingdom
The Pacific Motel,Cayucos, United States
Tenuta Negroamaro,Puglia, Italy
One96,Hong Kong, China
Domes Noruz Mykonos,Mykonos, Greece
San Luis Creek Lodge,San Luis Obispo, United States
Perianth Hotel,Athens, Greece
Restaurant & Hotel Pepe Vieira,Galicia, Spain
Il Giardino Grande,Parabita, Italy
Hostellerie de l'Abbaye de la Celle,Provence, France
Villa Dagmar,Stockholm, Sweden
Kahanda Kanda,Galle, Sri Lanka
Hotel Panamera,Tulum, Mexico
The Alex,Dublin, Ireland
The Bank Hotel Istanbul,Istanbul, Turkey
Grand Pigalle Hotel,Paris, France
DestinationBCN,Barcelona, Spain
L'Avenida,Mallorca, Spain
72 Riad,Marrakech, Morocco
Plataran Menjangan Resort & Spa,Bali, Indonesia
Yayaki Spetses,Spetses, Greece
Ocean Drive Madrid,Madrid, Spain
Hotel Rural Morvedra Nou,menorca, Spain
Rachamankha,Chiang Mai, Thailand
Shinta Mani Angkor,Siem Reap, Cambodia
Casa Legado,Bogotá, Colombia
Hotel Bellevue Dubrovnik,Dubrovnik, Croatia
Albero Capovolto,Sardinia, Italy
The Pig in the Wall,Hampshire, United Kingdom
Hôtel Sahrai,Fez, Morocco
Le Val Thorens,Val Thorens, France
Radhoo Tulum,Tulum, Mexico
Martinhal Sagres,Algarve, Portugal
The Lygon Arms,Cotswolds, United Kingdom
Sandhotel,Reykjavik, Iceland
Domes of Corfu,Corfu, Greece
Casa Grande,La Rioja, Spain
Château Capitoul,Narbonne, France
Craveiral Farmhouse,São Teotónio, Portugal
Riad Sakkan,Marrakech, Morocco
Line Austin,Austin, United States
Mirabó de Valldemossa,Mallorca, Spain
Venissa,Venice, Italy
Marram,Montauk, United States
Casa Olea Hotel,Lake Como, Italy
La Belle Juliette,Paris, France
Grace Mykonos,Mykonos, Greece
Maleny Lodge,Maleny, Australia
Hotel Supetar,Cavtat, Croatia
Maua Nusa Penida,Bali, Indonesia
Beadnell Towers & Kitchen,Northumberland, United Kingdom
The Bull & Last,London, United Kingdom
Hôtel Monte Cristo Paris,Paris, France
Poggio Piglia,Tuscany, Italy
Riva Lofts,Florence, Italy
Updown Farmhouse,Deal, United Kingdom
Torre de Palma Wine Hotel,Alentejo, Portugal
Ergon Bakehouse Athens,Athens, Greece
The Vintage Hotel & Spa,Lisbon, Portugal
The Broadview Hotel,Toronto, Canada
Casa Cook El Gouna,Hurghada, Egypt
Kennebunkport Captains Collection,"Kennebunkport, Maine", United States
An Lam Retreats Ninh Van Bay,Ninh Van Bay, Vietnam
Hospes Palacio de los Patos,Granada, Spain
Résidence Nell Paris,Paris, France
Maison La Course,Bordeaux, France
Elivi Skiathos,Skiathos, Greece
Prati Palai,Lake Garda, Italy
Marari Beach Resort,Kerala, India
Hospes Palacio del Bailío,Córdoba, Spain
Coco Hotel,Copenhagen, Denmark
La Zambra Resort,Málaga, Spain
Coconut Lagoon,Kerala, India
Palais de Mahe,Tamil Nadu, India
"The Standard, Ibiza",Ibiza, Spain
Hotel Hotel,Lisbon, Portugal
Dolkhar,Himalayas, India
Ingleside Estate,Palm Springs, United States
The Olivar Suites,Corfu, Greece
The Inns of Aurora,Upstate New York, United States
Villa Favorita,San Sebastián, Spain
The Nici,Bournemouth, United Kingdom
Paradise Island Villas,Crete, Greece
Aethos Ericeira,Ericeira, Portugal
Jnane Tamsna,Marrakech, Morocco
Sir Albert,Amsterdam, Netherlands
Brindos Lac & Chateau,French Basque Country, France
Villa Lena,Tuscany, Italy
Elevation Lofts Hotel,Asheville, United States
Solo Palacio,Asturias, Spain
Alma Pamplona,Pamplona, Spain
Vino Houses,Santorini, Greece
Meraviglia Slow Living,Epirus Coast, Greece
Lancemore Milawa,Milawa, Australia
1477 Reichhalter,South Tyrol, Italy
The Attwater,Newport, United States
Cuyama Buckhorn,California, United States
Circulo Mexicano,Mexico City, Mexico
Lagació Hotel Mountain Residence,South Tyrol, Italy
Hôtel Les Dames du Panthéon,Paris, France
Hermitage Castelo Casa Chafariz,Lisbon, Portugal
Homewood,Bath, United Kingdom
Altstadt Vienna,Vienna, Austria
Graduate Cambridge,Cambridge, United Kingdom
Grand House ,Algarve, Portugal
Hotel Schwarzschmied,South Tyrol, Italy
Domaine les Roullets,Vaucluse, France
Hampton Manor,Hampton-in-Arden, United Kingdom
Lula,Tulum, Mexico
Double Red Duke,Oxfordshire, United Kingdom
Santa Maria Briones,La Rioja, Spain
Sansara Surf & Yoga Resort,Los Santos Province, Panama
Gallicantu Stazzo Retreat,Sardinia, Italy
Maniumpathy,Colombo, Sri Lanka
Rosewood Bangkok,Bangkok, Thailand
Palacio Solecio,Málaga, Spain
The Hide Hotel,Flims, Switzerland
Merrion Row Hotel and Public House,New York, United States
Galle Fort Hotel,Galle, Sri Lanka
Mougins Luxury Hotel,Mougins, France
Vestige Son Vell,Menorca, Spain
La Guardia,Giglio Island, Italy
Sala Samui Chaweng Beach,Koh Samui, Thailand
Nirjhara ,Bali, Indonesia
Kappa Senses Ubud,Ubud, Indonesia
Trebartha East the Round House,Ahangama, Sri Lanka
Hôtel des Grands Boulevards,Paris , France
BellaRiva,Lake Garda, Italy
Raas Jodhpur,Jodhpur, India
Ten Mallorca,Mallorca, Spain
Soho House Berlin,Berlin, Germany
Oku Ibiza,Ibiza, Spain
A Casa Reale,Bastia, France
The Johri,Jaipur, India
Masseria Corsano,Salento, Italy
Fink Restaurant & Suites,South Tyrol, Italy
Hotel Windsor,Riviera di Ponente, Italy
Onar Andros,Andros, Greece
Raas Devigarh,Udaipur, India
Raas Chhatrasagar,Rajasthan, India
Snowpine Lodge,Park City, United States
The Lake House on Canandaigua,Upstate New York, United States
Aller Dorset,Dorset, United Kingdom
Sixty Beverly Hills,Los Angeles, United States
Spicers Vineyards Estate,Hunter Valley, Australia
Hotel Pulitzer Barcelona,Barcelona, Spain
The Duncombe Arms,Peak District, United Kingdom
The LaFayette Hotel,San Diego, United States
The Interlude,Melbourne, Australia
American Trade Hotel,Panama City , Panama
Ocean Drive Barcelona,Barcelona, Spain
University Arms,Cambridge, United Kingdom
Domes Zeen Chania,Chania, Greece
Octant Douro,Douro Valley, Portugal
Southampton Harbour Hotel,Southampton, United Kingdom
White Water ,Cambria, United States
Les Sources de Cheverny,Loire Valley, France
Domaine de Primard,Guainville, France
Caravan by Habitas Dakhla,Dakhla, Western Sahara
Zelda Dearest,Asheville, United States
The Old Rectory,Plettenberg Bay, South Africa
Hotel Magnolia Santiago,Santiago, Chile
Hospes Las Casas del Rey de Baeza,Seville, Spain
Torralbenc,Menorca, Spain
Menorca Experimental ,Menorca, Spain
Ca's Xorc,Mallorca, Spain
San Canzian Hotel & Residences,Buje, Croatia
Gdas Bali Health and Wellness Resort,Bali, Indonesia
Avana Retreat,Mai Chau, Vietnam
Locanda al Colle,Versilia, Italy
Nakar Hotel,Palma, Spain
The Prospect Hollywood,Los Angeles, United States
Como Uma Canggu,Bali, Indonesia
Amomoxtli,Tepoztlán, Mexico
Abaton Island Resort & Spa,Crete, Greece
Hospes Maricel & Spa,Palma, Spain
Aldea Kuká,Isla Holbox, Mexico
Bovey Castle,Devon, United Kingdom
Market Street Hotel,Edinburgh , United Kingdom
Minos Beach Art Hotel,Crete, Greece
Marina Piccola 73,Sorrento, Italy
La Fiermontina Ocean,Larache, Morocco
The Last House,Tangalle, Sri Lanka
Riad No 37,Marrakech, Morocco
Riad Siwan,Marrakech, Morocco
Hotel B,Lima, Peru
Petra Segreta Resort & Spa,Sardinia, Italy
Vidago Palace,Douro Valley, Portugal
Casa Talia,Sicily, Italy
Le Colonial,Fort Kochi, India
Hotel Flora,Antwerp , Belgium
The Shoals Suites & Slips,North Fork, United States
Vinha Boutique Hotel,Porto, Portugal
Bastide du Mourre,Provence, France
L'Alpaga,Megève, France
Sir Joan,Ibiza, Spain
Domes Miramare,Corfu, Greece
The Calile Hotel,Brisbane, Australia
Manna,Arcadia, Greece
Stamba Hotel,Tbilisi, Georgia
Hotel Tugu Bali,Bali, Indonesia
Dylan,Dublin, Ireland
Middleton Lodge Estate,North Yorkshire, United Kingdom
Driftwood Hotel,Cornwall, United Kingdom
Casa Palopó,Lake Atitlán, Guatemala
Little Beach House Barcelona,Barcelona, Spain
Sound View Greenport,North Fork , United States
The Wilfrid,Prince Edward County, Canada
The Gallivant,East Sussex, United Kingdom
La Fiermontina,Lecce, Italy
Astra Suites,Santorini, Greece
Villa Sassolini,Tuscany, Italy
Beechmont Estate,Queensland, Australia
Mandraki Beach Resort,Hydra, Greece
Witt Istanbul Suites,Istanbul, Turkey
Hôtel Providence Paris,Paris, France
Les Cinq Djellabas,Marrakech, Morocco
Downtown LA Proper Hotel,Los Angeles, United States
Aethos Corsica,Corsica, France
Acron Villas,Paros, Greece
Lyle Washington DC,Washington DC, United States
Chapter Roma,Rome, Italy
Le Martin Boutique Hotel,St Martin, St. Martin
Tiara Yaktsa ,Cannes, France
Butterfly Verona,Verona, Italy
Lux Le Morne,Mauritius,Mauritius
Marktgasse Hotel,Zurich, Switzerland
Barceló Torre de Madrid,Madrid, Spain
Lime Tree Hotel,London, United Kingdom
The Lost Poet,London, United Kingdom
Our Habitas Bacalar,Bacalar, Mexico
The Collective at Woolsery,Devon, United Kingdom
Hotel Rodavento,Valle de Bravo, Mexico
Twinpalms MontAzure,Phuket, Thailand
La Villa Hotel,Piedmont, Italy
Hôtel Récamier,Paris, France
Laqua by the Lake,Piedmont, Italy
The Columns,New Orleans, United States
Borgo San Vincenzo,Tuscany, Italy
Rosas & Xocolate,Mérida, Mexico
Maison Polanka,Siem Reap, Cambodia
Villa Arcadio,Lake Garda, Italy
Cugo Gran Macina Grand Harbour,Senglea, Malta
Meneghetti Wine Hotel & Winery,Bale, Croatia
Coqui Coqui Casa de los Santos,Izamal, Mexico
Hotel Castillo Santa Catalina,Málaga, Spain
Maison Breguet,Paris, France
The Middle House,Shanghai, China
Casa Bonay,Barcelona, Spain
Agua de Luna Boutique Hotel,San Pancho, Mexico
Magma Resort Santorini,Santorini, Greece
KiChic,Máncora, Peru
The Portobello Hotel,London, United Kingdom
The Pig in the South Downs,Arundel, United Kingdom
Antiga Casa Buenavista,Barcelona, Spain
Brookdale Estate,Paarl, South Africa
Comarca Las Liebres,Colonia del Sacramento, Uruguay
Rosselli,Valletta, Malta
Valsana Hotel & Apartments,Arosa, Switzerland
Canne Bianche,Puglia, Italy
Hotel Aguas Claras,Limon Province, Costa Rica
Le Dune Piscinas,Sardinia, Italy
Mason,Pattaya, Thailand
Bujera Fort,Udaipur, India
Casa Hoyos,San Miguel de Allende, Mexico
Le Farnatchi,Marrakech, Morocco
La Clé des Montagnes,Franschhoek, South Africa
Les Deux Tours,Marrakech, Morocco
Hotel Excelsior Dubrovnik,Dubrovnik, Croatia
Viceroy Washington DC,Washington DC, United States
The Roseate Edinburgh,Edinburgh, United Kingdom
Wilder Townhouse,Dublin, Ireland
Retreat East,Suffolk, United Kingdom
Viceroy Snowmass,Colorado Rocky Mountains, United States
St Mawes Hotel,Cornwall, United Kingdom
The Crab & Lobster,West Sussex, United Kingdom
Boskerris Hotel,Cornwall, United Kingdom
The Pig at Harlyn Bay,Cornwall, United Kingdom
Hôtel de Toiras,Île de Ré, France
Quinta Nova de Nossa Senhora do Carmo,Douro Valley, Portugal
South Congress Hotel,Austin, United States
Aenaon Villas,Santorini, Greece
Le Quattro Dame,Rome, Italy
Casa Delphine,San Miguel de Allende, Mexico
Lohkah Hotel and Spa,Xiamen, China
The Ned Doha,Doha, Qatar
Avaton Resort & Spa,Santorini, Greece
The Chedi Muscat,Muscat, Oman
Concepció by Nobis,Palma, Spain
Raw Culture Bairro Alto,Lisbon, Portugal
Volga,Mexico City, Mexico
Gatsby Athens,Athens, Greece
Drift House,Great Ocean Road, Australia
Anantara Chiang Mai,Chiang Mai, Thailand
Sukoon ,Srinagar, India
Gal Oya Lodge,Gal Oya National Park, Sri Lanka
Dorset Square Hotel,London, United Kingdom
Hôtel National des Arts & Métiers,Paris, France
Sparrows Lodge,Palm Springs, United States
Octant Vila Monte,Algarve, Portugal
Holiday House,Palm Springs, United States
Casa de São Lourenço,Serra da Estrela, Portugal
Château de la Resle,Chablis, France
Hotel Casa Lucia,Buenos Aires, Argentina
Hotel Casa Lucia,Buenos Aires, Argentina
Torre Fiore Hotel Masseria,Basilicata, Italy
Jicaro Island Lodge,Granada, Nicaragua
Su Gologone,Sardinia, Italy
Yurbban Ramblas,Barcelona, Spain
Goldene Rose Karthaus,South Tyrol, Italy
Vila Planinka,Jezersko, Slovenia
Nomade Holbox,Isla Holbox, Mexico
Como Metropolitan Singapore,Singapore,Singapore
Uga Jungle Beach,Trincomalee, Sri Lanka
Gaige House,California Wine Country, United States
The Dupont Circle Hotel,Washington DC, United States
The Peacock at Rowsley,Peak District, United Kingdom
Zannier Hotels Bai San Ho,Phu Yen, Vietnam
Nobu Hotel Atlanta,Atlanta, United States
Hôtel Chais Monnet & Spa,Cognac, France
Nest Tulum,Tulum, Mexico
La Roqqa,Tuscany, Italy
Kayaam House,Tangalle, Sri Lanka
Les Regalia,South Corsica, France
Sublime Samana,Dominican Republic,Dominican Republic
Villa Mahal,Antalya Province, Turkey
Octant Furnas,Azores, Portugal
Mother Earth Luxury Boutique Hotel,Guanacaste Province, Costa Rica
Redchurch Townhouse,Shoreditch, United Kingdom
Riad de Tarabel,Marrakech, Morocco
Ksar Char-Bagh,Marrakech, Morocco
Terra Dominicata,Priorat, Spain
Soho House Austin,Austin, United States
Alpenloge,Allgäu, Germany
Santorini Heights,Santorini, Greece
Dar Zemora,Marrakech, Morocco
Wm Mulherin's Sons,Philadelphia, United States
The Warehouse Hotel,Singapore,Singapore
The Lodhi,Delhi, India
Newhall Mains,Black Isle, United Kingdom
Rothay Manor,Lake District, United Kingdom
Baja Club Hotel,La Paz, Mexico
Pendry Chicago,Chicago, United States
L'Auberge Del Mar,San Diego, United States
21 Carpenter,Singapore,Singapore
Estancia Vik José Ignacio,José Ignacio, Uruguay
The Cliffside Inn,Newport, United States
Palacio Gran Via,Granada, Spain
Ahu Bay,Ahungalla, Sri Lanka
Dar Darma,Marrakech, Morocco
Vila Foz Hotel & Spa,Porto, Portugal
Gravina 51,Seville, Spain
Hotel Magdalena,Austin, United States
Ayiopetra,Naxos, Greece
Ayiopetra,Naxos, Greece
Domes of Elounda,Crete, Greece
Sunset Tower Hotel,Los Angeles, United States
Raya Heritage,Chiang Mai, Thailand
Coqui Coqui Coba Residence & Spa,Yucatán Peninsula, Mexico
Soho House Amsterdam,Amsterdam, Netherlands
Kenshō Ornos,Mykonos, Greece
La Fiermontina Palazzo Bozzi Corso,Lecce, Italy
Riad Due,Marrakech, Morocco
Venice V Hotel,Venice Beach, United States
White City House,London, United Kingdom
La Nauve Hôtel & Jardin,Cognac, France
Daios Cove Luxury Resort & Villas,Crete, Greece
Avalon Beverly Hills,Los Angeles, United States
La Bobadilla ,Andalucia, Spain
Hotel Motto,Vienna, Austria
Six Senses Kaplankaya,Bodrum, Turkey
The Swan Southwold,Suffolk, United Kingdom
Canal House,Amsterdam, Netherlands
Les Sources de Caudalie,Bordeaux, France
Zannier Hotels Phum Baitang,Siem Reap, Cambodia
Cheval Old Town Chambers,Edinburgh, United Kingdom
Quinta do Porto Nogueira,Cadaval, Portugal
11 Howard,New York, United States
L'And Vineyards,Alentejo, Portugal
Little Good Harbour,Barbados,Barbados
Hotel K5,Tokyo, Japan
The Rookery,London, United Kingdom
Rosewood Phnom Penh,Phnom Penh, Cambodia
Soho House Chicago,Chicago, United States
Oakley Court,Windsor, United Kingdom
Monument,Athens, Greece
Inn on the Lake,Amsterdam, Netherlands
L'Ovella Negra,Incles Valley, Andorra
The Pierside Santa Monica,Santa Monica, United States
Uma Casa,Mexico City, Mexico
Puro Grand Hotel,Palma, Spain
Stella d’Italia Florence,Florence, Italy
Vintry & Mercer,London, United Kingdom
Parīlio Hotel Paros,Paros, Greece
La Valise San Miguel De Allende,San Miguel de Allende, Mexico
Pendry Park City,Park City, United States
The Royal Sands Koh Rong,Koh Rong Islands, Cambodia
Royal Hideaway Corales Suites,Tenerife, Spain
Alila Hinu Bay,Salalah, Oman
Hacienda San Angel,Puerto Vallarta, Mexico
The Other House South Kensington,London, United Kingdom
Lesante Cape Resort & Villas,Zakynthos, Greece
The Lodge Mallorca,Mallorca, Spain
Donna Coraly Resort ,Sicily, Italy
Anticavilla Hotel,Cuernavaca, Mexico
Sublime Comporta,Comporta, Portugal
Ca Na Xica,Ibiza, Spain
The Lisboans,Lisbon, Portugal
Le Fitz Roy,Val Thorens, France
Don Ferrante,Puglia, Italy
Los Poblanos Historic Inn & Organic Farm,Albuquerque, United States
Praia do Canal Nature Resort,Aljezur, Portugal
Pendry San Diego,San Diego, United States
Domaine de Chalamon,Provence, France
PURS Luxury Boutique Hotel,Andernach, Germany
Toile Blanche,Saint-Paul de Vence, France
L'Andana,Tuscany, Italy
Petit Ermitage,Los Angeles, United States
L'Otel Casa Arca,San Miguel de Allende, Mexico
Roxy Hotel,New York, United States
De Durgerdam,Amsterdam, Netherlands
Golden Rock Inn,St Kitts & Nevis, St. Kitts & Nevis
The Ampersand Hotel,London, United Kingdom
Casacau,Rome, Italy
Kanopi House,Jamaica,Jamaica
Grande Provence,Franschhoek, South Africa
The Christopher,Martha's Vineyard, United States
Margot House,Barcelona, Spain
Palacio Arriluce Hotel,Bilbão, Spain
The Opposite House,Beijing, China
New Hotel,Athens, Greece
Delek Tulum,Tulum, Mexico
Tótem Madrid,Madrid, Spain
Como Uma Ubud ,Bali, Indonesia
Hotel Kinsley,Upstate New York, United States
Mas de Torrent ,Girona Province, Spain
Hotel Bardo,Tulum, Mexico
Hotel Viu Milan,Milan, Italy
Bonzoe Suites & Villas,Mykonos, Greece
"The Oberoi Beach Resort, Bali",Seminyak, Indonesia
Domes Noruz Chania,Crete, Greece
Aristide Hotel,Syros, Greece
Chateau Denmark,London, United Kingdom
Ameron Zürich Bellerive au Lac,Zürich, Switzerland
Le Soleil d'Or,Cayman Brac, Cayman Islands
Petunia Ibiza,Ibiza, Spain
Precise Tale Poggio Alla Sala,Montepulciano, Italy
Babington House,Somerset, United Kingdom
The Cashel Palace,County Tipperary, Ireland
Soho Warehouse,Los Angeles, United States
Riad Antara,Marrakech, Morocco
La Signoria,Corsica, France
Lydmar Hotel,Stockholm, Sweden
Shoreditch House,London, United Kingdom
Villa Bokéh,Antigua, Guatemala
Hôtel des Horlogers,Vallée de Joux, Switzerland
The Principal Madrid,Madrid, Spain
7Pines Resort Ibiza,Ibiza, Spain
Ohla Eixample Hotel ,Barcelona, Spain
Nós Hotel & Villas,Sifnos, Greece
Domaine des Etangs,Aquitaine, France
Spatia Comporta,Alentejo, Portugal
Palma Riad,Palma, Spain
Blancaneaux Lodge,Cayo District, Belize
Batty Langley's,London, United Kingdom
"The Standard, London",London, United Kingdom
Grand Hotel Central,Barcelona, Spain
Public New York,New York, United States
Wythe Hotel,New York, United States
The Pig near Bath,Somerset, United Kingdom
The Pig at Combe ,Devon, United Kingdom
Ballintaggart Farm,Perthshire, United Kingdom
Villa Arnica,South Tyrol, Italy
La Résidence Phou Vao,Luang Prabang, Laos
Casas del XVI,Dominican Republic,Dominican Republic
Journey East Hampton,Hamptons, United States
The Randolph Hotel by Graduate,Oxford, United Kingdom
Pendry Washington DC,Washington DC, United States
La Fonda Heritage Hotel,Marbella, Spain
Olas Tulum,Tulum, Mexico
Santo Pure Oia Suites & Villas,Santorini, Greece
Oltrarno Splendid,Florence, Italy
The William Vale,New York, United States
Aethos Milan,Milan, Italy
Gran Hotel Mas d'en Bruno,Priorat, Spain
Hotel de Len,Cortina d'Ampezzo, Italy
Bells at Killcare,Central Coast, Australia
United Places Hotel Botanic Gardens,Melbourne, Australia
Finca Adalgisa,Mendoza, Argentina
Follonico,Tuscany, Italy
Masseria Calderisi,Puglia, Italy
Le Domaine de Sirius,Périgord Pourpre, France
Pnoēs Tinos,Tinos, Greece
Casa Sagnier,Barcelona, Spain
Ette Hotel,Kissimmee, United States
Susafa,Sicily, Italy
The Cambrian,Adelboden, Switzerland
The Chamberlain West Hollywood,Los Angeles, United States
The Aster,Los Angeles, United States
Asbury Ocean Club,New Jersey, United States
The Bonnie Badger,East Lothian, United Kingdom
Linthwaite House,Lake District, United Kingdom
Soho Grand Hotel,New York, United States
"The Princess Royal, Notting Hill",Notting Hill, United Kingdom
"The Princess Royal, Notting Hill",Notting Hill, United Kingdom
TreeHouse Villas,Koh Yao Noi, Thailand
Boheme Mykonos,Mykonos, Greece
White Barn Inn & Spa,"Kennebunkport, Maine", United States
Olema House,Point Reyes, United States
Casa G Firenze,Florence, Italy
The Edgartown Inn,Martha's Vineyard, United States
Domaine de Fontenille,Provence, France
SO Berlin Das Stue,Berlin, Germany
Knightsbridge Hotel,London, United Kingdom
The Zetter Marylebone,London, United Kingdom
Avant Mar,Paros, Greece
Olea All Suite Hotel,Zakynthos, Greece
Made Hotel,New York, United States
Hotel San José,Austin, United States
Wakax Hacienda,Tulum, Mexico
The Betsy South Beach,Miami, United States
Yurbban Passage Hotel & Spa,Barcelona, Spain
Convent de la Missió,Palma, Spain
Alila Jabal Akhdar,Al–Dakhiliyah, Oman
Soho House Nashville,Nashville, United States
Playa Vik José Ignacio,José Ignacio, Uruguay
Kapari Natural Resort,Santorini, Greece
Istoria Hotel,Santorini, Greece
Soho House Rome,Rome, Italy
Hotel Awa,Chilean Lake District, Chile
The Capra,Saas-Fee, Switzerland
Atemporal,Lima, Peru
The Sydney,Martha's Vineyard, United States
The Kensington Hotel London,London, United Kingdom
Château de Fonscolombe,Provence, France
Monsieur George,Paris, France
Storfjord Hotel,Storfjord, Norway
Three Mile Beach,Cornwall, United Kingdom
The Global Ambassador,Phoenix, United States
Why House,Galle, Sri Lanka
Hotel 850 SVB,Los Angeles, United States
Water Garden Sigiriya,Sigiriya, Sri Lanka
Milam Hotel,Tulum, Mexico
Cowley Manor Experimental,Cotswolds, United Kingdom
Royal Hideaway Corales Beach,Tenerife, Spain
1 Hotel San Francisco,San Francisco, United States
Le Saint Paul,Côte d'Azur, France
Sir Victor,Barcelona, Spain
El Vicenç de la Mar,Mallorca, Spain
Capelongue,Luberon, France
Twelve Senses Retreat,Encinitas, United States
Rio Perdido Hotel & Thermal River,Guanacaste Province, Costa Rica
Aethos Monterosa,Aosta Valley, Italy
Martius Private Suites Hotel,Rome, Italy
Palazzo Durazzo,Genoa, Italy
Lux Grand Baie Resort & Residences,Grand Baie, Mauritius
Inkaterra Machu Picchu Pueblo,Aguas Calientes, Peru
Don Totu,Puglia, Italy
Château des Fleurs,Paris, France
Anantara Mai Khao Phuket Villas,Phuket, Thailand
Future Found Sanctuary,Cape Town, South Africa
Foresters Hall,Isle of Wight, United Kingdom
Pnoé Breathing Life,Crete, Greece
Anantara Rasananda ,Koh Phangan, Thailand
Condesa DF,Mexico City, Mexico
The Singular Patagonia,Patagonia, Chile
Muaré Tulum,Tulum, Mexico
La Fantaisie,Paris, France
Palazzo Velabro,Rome, Italy
Seda Club Hotel,Granada, Spain
Iconic Santorini,Santorini, Greece
Bethlen Estates,Transylvania, Romania
La Reserve 1785 Canggu Beach,Canggu, Indonesia
Minthis,Paphos, Cyprus
Jardins Secrets,Languedoc-Roussillon, France
Pieve Aldina,Chianti, Italy
Estancia La Jolla,San Diego, United States
Evolve Back Hampi,Hampi, India
ModernHaus SoHo,New York, United States
Il Palazzo Experimental,Venice, Italy
Hazlitt's,London, United Kingdom
Hotel Cort,Palma, Spain
Pendry Newport Beach,Newport Beach, United States
Gaia Riverlodge,Cayo District, Belize
"The Oberoi Beach Resort, Al Zorah",Ajman, United Arab Emirates
The Royal Crescent Hotel & Spa,Bath, United Kingdom
The Kandy House,Kandy, Sri Lanka
Palazzo Albricci Peregrini,Lake Como, Italy
Lanson Place Causeway Bay,Hong Kong, Hong Kong SAR China
Casa di Langa,Piedmont, Italy
Hôtel La Ponche,St Tropez, France
"Halcyon, a Hotel In Cherry Creek",Denver, United States
The Island Concept,Crete, Greece
Soho House Istanbul,Istanbul, Turkey
Anantara Qasr al Sarab Desert Resort,Liwa Desert, United Arab Emirates
Posada Terra Santa,Palma, Spain
Paperbark Camp,Jervis Bay, Australia
Nous Santorini,Santorini, Greece
The Ned City of London,London, United Kingdom
Geejam,Jamaica,Jamaica
The Rabot Hotel from Hotel Chocolat,St Lucia, St. Lucia
Finca Serena Mallorca,Mallorca, Spain
Viceroy Santa Monica,Santa Monica, United States
"Armancette Hôtel, Chalets & Spa",Saint Gervais les Bains, France
Post House Inn,Charleston, United States
Jetwing Vil Uyana,Sigiriya, Sri Lanka
AdAstra,Florence, Italy
H2 Hotel,California Wine Country, United States
Soprarno Suites,Florence, Italy
Henrietta Hotel,London, United Kingdom
Palazzo Scanderbeg,Rome, Italy
La Maison d'Estournel,Haut-Médoc, France
Palazzo Daniele,Puglia, Italy
El Llorenç Parc de la Mar,Palma, Spain
Villa Clarisse,Île de Ré, France
Oasyhotel,Tuscany, Italy
Brick Hotel,Mexico City, Mexico
Castelbrac,Brittany, France
Thyme,Cotswolds, United Kingdom
Nordelaia,Piedmont, Italy
Soho House Barcelona,Barcelona, Spain
Capella Sydney,Sydney, Australia
The Laslett,London, United Kingdom
The Lakes by Yoo,Cotswolds, United Kingdom
Dean Street Townhouse,London, United Kingdom
Kettner's,London, United Kingdom
Six Senses Samui,Koh Samui, Thailand
Nobis Hotel Copenhagen,Copenhagen, Denmark
Norman Hôtel Paris,Paris, France
28 Degrees Byron Bay,Byron Bay, Australia
Turtle Inn,Belize,Belize
Matachica Resort & Spa,San Pedro, Belize
Hotel June Malibu,Malibu, United States
Octavia Casa,Mexico City, Mexico
The Franklin,London, United Kingdom
Hôtel Crillon le Brave,Provence, France
Torre Vella Fontenille Menorca,Menorca, Spain
Soho Beach House,Miami, United States
Harmon Guest House,California Wine Country, United States
Desa Hay,Canggu, Indonesia
Hotel Matilda,San Miguel de Allende, Mexico
Magna Pars L'Hotel à Parfum,Milan, Italy
Forest Side,Lake District, United Kingdom
Flora Chiado Apartments,Lisbon, Portugal
Al Baleed Resort Salalah by Anantara,Oman,Oman
7Pines Resort Sardinia,Sardinia, Italy
Chewton Glen,Hampshire, United Kingdom
AthensWas,Athens, Greece
Bahia Vik José Ignacio,José Ignacio, Uruguay
The Ludlow,New York, United States
The Bloomsbury,London, United Kingdom
Hotel Urso,Madrid, Spain
Luz Culinary Wine Lodge,José Ignacio, Uruguay
Sagamore Pendry Baltimore,Baltimore, United States
La Maison Bleue,Hurghada, Egypt
Cap Karoso,Sumba, Indonesia
Number Sixteen,London, United Kingdom
Eilert Smith,Stavanger, Norway
Ios Grand Pool Suites,Ios, Greece
Crossing Manzoni,Milan, Italy
Bangalay Luxury Villas,Shoalhaven, Australia
Alila Seminyak,Bali, Indonesia
The Georgian,Santa Monica, United States
Crossing Condotti,Rome, Italy
Hotel Cappuccino,Palma, Spain
The Lumiares,Lisbon, Portugal
Relais Villa Vittoria,Lake Como, Italy
Pillows Grand Boutique Hotel Maurits at The Park,Amsterdam, Netherlands
The Mayfair Townhouse,London, United Kingdom
Lùme,Siracuse, Italy
Podere San Filippo,Tuscany, Italy
Vico Milano,Milan, Italy
Artist Residence London,London, United Kingdom
Lodge at the Presidio,San Francisco, United States
Inn at the Presidio,San Francisco, United States
Paresa,Phuket, Thailand
Teranka,Formentera, Spain
Son Mas,Mallorca, Spain
Soho House Holloway,Los Angeles, United States
Nobu Hotel Marrakech,Marrakech, Morocco
Faro Punta Imperatore,Ischia, Italy
The Siam,Bangkok, Thailand
The Gray,Milan, Italy
Hotel Unique,São Paulo, Brazil
Goldwynn Resort & Residences,Bahamas,Bahamas
Sublime Lisboa,Lisbon, Portugal
Hotel Particulier Montmartre,Paris, France
Thotalagala,Hill Country, Sri Lanka
Blackbird Byron,Byron Bay Hinterland, Australia
Maçakizi,Bodrum Peninsula, Turkey
Terrestre,Oaxaca, Mexico
Tanusas,Puerto Cayo, Ecuador
Inkaterra Hacienda Urubamba,Sacred Valley of the Incas, Peru
Anantara Al Jabal Al Akhdar,Al-Dakhiliyah, Oman
Gaia by the Sea,Izmir Province, Turkey
11 Cadogan Gardens & the Chelsea Townhouse,London, United Kingdom
Pendry West Hollywood,Los Angeles, United States
Rancho Caymus Inn,Napa Valley, United States
La Valise Mexico City,Mexico City, Mexico
Palazzo Petrvs,Orvieto, Italy
Ser Casasandra,Isla Holbox, Mexico
Nine Skies,Hill Country, Sri Lanka
La Divine Comédie,Provence, France
Gallery Hotel Art,Florence, Italy
Palais Ronsard,Marrakech, Morocco
Quinta da Comporta,Comporta, Portugal
Villa Maïa,Lyon, France
Austin Proper Hotel,Austin, United States
Seven Rooms Villadorata,Sicily, Italy
The Kumaon,Himalayas, India
Gecko Hotel & Beach Club,Formentera, Spain
The Richard,Martha's Vineyard, United States
Cielo Villas,Zakynthos, Greece
Borgo Pignano,Tuscany, Italy
Château de Sacy,Champagne, France
Herdade da Malhadinha Nova,Alentejo, Portugal
Botanic Sanctuary Antwerp,Antwerp, Belgium
Capella Hanoi,Hanoi, Vietnam
Nobis Hotel Palma,Palma, Spain
Txai Itacaré,Bahia, Brazil
Sant Francesc Hotel Singular,Palma, Spain
1 Hotel Brooklyn Bridge,New York, United States
Paradise Cove Boutique Hotel,Mauritius,Mauritius
Como Metropolitan London ,London, United Kingdom
Hotel Capo La Gala and Wellness,Sorrento, Italy
Golden Rock Dive & Nature Resort,Sint Eustatius, Caribbean Netherlands
Anassa,Akamas Peninsula, Cyprus
Borgo 69,Tuscany, Italy
Wallingford Homestead,Hawke's Bay, New Zealand
Camellia Hills,Hill Country, Sri Lanka
Sol y Luna,Sacred Valley of the Incas, Peru
Dera Amer,Jaipur, India
Alamayah,Sumba, Indonesia
Lympstone Manor,Devon, United Kingdom
Explora Sacred Valley,Sacred Valley of the Incas, Peru
Ametis Villa ,Bali, Indonesia
"The Standard, Maldives",Maldives,Maldives
Wittmore Hotel,Barcelona, Spain
The Dewberry,Charleston, United States
Nantipa,Santa Teresa, Costa Rica
The Asa Maia,Bali, Indonesia
Can Simoneta,Mallorca, Spain
Acro Suites,Crete, Greece
Tree House Retreats ,West Sussex, United Kingdom
Vocabolo Moscatelli,Umbria, Italy
Anahita Golf & Spa Resort,Mauritius,Mauritius
The Whitney Hotel,Boston, United States
Uxua Casa Hotel & Spa,Bahia, Brazil
Nobu Hotel Chicago,Chicago, United States
Country House Villadorata,Noto, Italy
Como Le Montrachet,Burgundy, France
Lost Lindenberg,Bali, Indonesia
Las Islas,Isla Barú, Colombia
Azumi Setoda,Hiroshima, Japan
Inkaterra La Casona,Cusco, Peru
Lucknam Park Hotel & Spa,Wiltshire, United Kingdom
Amara,Limassol, Cyprus
Wickaninnish Inn,Vancouver Island, Canada
Rhinoceros Roma,Rome, Italy
Yazz Collective,Fethiye, Turkey
Rakudo-An,Toyama, Japan
Tiger Tops Karnali Lodge,Bardiya National Park, Nepal
Mudbrick Vineyard and Restaurant,Waiheke Island, New Zealand
Casa de Sierra Nevada,San Miguel de Allende, Mexico
Capri Tiberio Palace,Capri, Italy
Fontsanta Hotel,Mallorca, Spain
Piazza di Spagna 9,Rome, Italy
White Exclusive Suites & Villas,Azores, Portugal
Masseria Torre Coccaro,Puglia, Italy
Ohla Barcelona Hotel,Barcelona, Spain
Santani Wellness Kandy,Kandy, Sri Lanka
Bodrum Loft,Bodrum Peninsula, Turkey
Xenodocheio Milos,Athens, Greece
Hotel Healdsburg,California Wine Country, United States
Palazzo Dama,Rome, Italy
Can Ferrereta,Mallorca, Spain
La Peschiera,Puglia, Italy
The Vanderbilt ,Newport, United States
One&Only Portonovi,Herceg Novi, Montenegro
Ponta dos Ganchos,Santa Catarina, Brazil
Sage Lodge,Montana, United States
Hotel Unico,Madrid, Spain
Gansevoort Meatpacking NYC,New York, United States
Zero George Street,Charleston, United States
Nobu Hotel Ibiza Bay,Ibiza, Spain
L'Albereta,Brescia, Italy
Goatfell,Hill Country, Sri Lanka
Domes White Coast Milos,Milos, Greece
Keemala,Phuket, Thailand
Nobu Hotel Palo Alto,Palo Alto, United States
La Maison sur la Sorgue,Provence, France
Maison Albar Le Monumental Palace,Porto, Portugal
Troutbeck,Upstate New York, United States
Cosme,Paros, Greece
S Hotel Jamaica,Jamaica,Jamaica
Nobu Hotel London Portman Square,London, United Kingdom
"The Roundtree, Amagansett",Hamptons, United States
Argos in Cappadocia,Cappodocia, Turkey
The Estate Yountville,Yountville, United States
Santo Mine Oia Suites,Santorini, Greece
Verdura Resort,Sicily, Italy
The Island House,Bahamas,Bahamas
Encantada Tulum,Tulum, Mexico
The Hotel Chelsea,New York, United States
Hotel San Luis Obispo,San Luis Obispo, United States
Colony Palms Hotel,Palm Springs, United States
Casa de Uco,Mendoza, Argentina
DOM Hotel,Rome, Italy
Boho Club Marbella,Marbella, Spain
Sinner Paris,Paris, France
Haritha Villas & Spa,Hikkaduwa, Sri Lanka
Santa Monica Proper,Santa Monica, United States
Mona Pavilions,Hobart, Australia
Leeu House,Franschhoek, South Africa
Paragon 700,Puglia, Italy
Les Roches Rouges,Côte d'Azur, France
César Lanzarote,Lanzarote, Spain
Roncolo 1888,Emilia-Romagna, Italy
Mihir Garh,Thar Desert, India
Can Bordoy,Palma, Spain
Es Racó d’Artà,Mallorca, Spain
Castello di Ugento,Ugento, Italy
DD724,Venice, Italy
I Qs,Venice, Italy
Gundari,Folegandros, Greece
Cap Menorca,Menorca, Spain
Madama Garden Retreat,Venice, Italy
Cape Weligama,Weligama, Sri Lanka
Dimora delle Balze,Sicily, Italy
Hotel Bowmann,Paris, France
Areias do Seixo,Torres Vedras, Portugal
La Bandita Townhouse,Tuscany, Italy
Skinopi Lodge,Milos, Greece
Park Lane New York,New York, United States
Bill & Coo Suites & Lounge,Mykonos, Greece
Cape Fahn,Koh Samui, Thailand
Rusacks St Andrews,St Andrews, United Kingdom
Euphoria Retreat,Mystras, Greece
Eagles Villas,Halkidiki, Greece
Hotel Chetzeron,Crans-Montana, Switzerland
Rayavadee,Krabi, Thailand
Hacienda de San Rafael,Seville Province, Spain
Kurà,Uvita de Osa, Costa Rica
Charlotte Street Hotel,London, United Kingdom
Barracuda Hotel & Villas,Bahia, Brazil
The Barracks Hotel Sentosa,Singapore,Singapore
G Rough,Rome, Italy
137 Pillars House,Chiang Mai, Thailand
Perivolas,Santorini, Greece
Soho House Paris,Paris, France
Palazzo Maresgallo,Lecce, Italy
Grand Powers,Paris, France
Katikies Chromata,Santorini, Greece
Le Lodge Park,Megève, France
Lime Wood,Hampshire, United Kingdom
Cobblers Cove Barbados,Barbados,Barbados
La Valise Tulum,Tulum, Mexico
Boath House,Nairn, United Kingdom
One&Only Desaru Coast,Desaru, Malaysia
The Datai Langkawi,Langkawi, Malaysia
Boardwalk Boutique Hotel Aruba,Aruba, Caribbean Netherlands
Casa Malca,Tulum, Mexico
Beacon Hill Hotel,Boston, United States
Sungai Jungle Villa II,Bali, Indonesia
Mont Rochelle,Franschhoek, South Africa
"Malabar Hill, Sri Lanka",Weligama, Sri Lanka
Nima Local House Hotel,Mexico City, Mexico
Tiger Tops Tharu Lodge,Chitwan National Park, Nepal
Six Senses Kocatas Mansions,Istanbul, Turkey
The Grove,Hertfordshire, United Kingdom
Faena Hotel Buenos Aires,Buenos Aires, Argentina
Villa Cora,Florence, Italy
L'Hôtel,Paris, France
Casa Chablé,Tulum, Mexico
Ibagari Boutique Hotel,Roatán, Honduras
Vivere Suites and Rooms,Lake Garda, Italy
Aldea Canzul ,Tulum, Mexico
Loire Valley Lodges,Loire Valley, France
El Silencio Lodge & Spa,Bajos del Toro, Costa Rica
Iniala Harbour House,Valletta, Malta
Alma Barcelona,Barcelona, Spain
Kahani Paradise,Gokarna, India
Cirqa,Arequipa, Peru
Ca Maria Adele,Venice, Italy
The Sanchaya,Bintan, Indonesia
Casagrand Luxury Suites,Barcelona, Spain
Covent Garden Hotel,London, United Kingdom
Haymarket Hotel,London, United Kingdom
Yacht Club at The Boca Raton,Boca Raton, United States
Areias do Seixo Villas,Torres Vedras, Portugal
Cap St Georges Hotel & Resort,Paphos, Cyprus
Son Brull,Mallorca, Spain
Castle Elvira,Puglia, Italy
Maslina Resort,Dalmatian Coast, Croatia
Le Roch Hotel & Spa,Paris, France
The Patrick & Joan Leigh Fermor House,East Peloponnese, Greece
Palácio Príncipe Real,Lisbon, Portugal
Cliveden,Berkshire, United Kingdom
Nomad Mykonos,Mykonos, Greece
The Sanubari,Sumba, Indonesia
Palm Suite,Rome, Italy
Hästens Sleep Spa Hotel,Coimbra, Portugal
Adler Spa Resort Sicilia,Sicily, Italy
São Lourenço do Barrocal,Alentejo, Portugal
Bill & Coo Coast Suites,Mykonos, Greece
"The Legian Seminyak, Bali",Bali, Indonesia
Kenoa Resort,Alagoas, Brazil
GoldenEye,Jamaica,Jamaica
North Block Hotel,California Wine Country, United States
Villa Saint-Ange,Aix en Provence, France
Galleria Vik,Milan, Italy
XV Beacon,Boston, United States
Hotel Neri,Barcelona, Spain
Estelle Manor,Oxfordshire, United Kingdom
The Palm House Vanuatu,Vanuatu,Vanuatu
The Londoner,London, United Kingdom
Silversands Grenada,Grenada,Grenada
Ett Hem,Stockholm, Sweden
Serras Barcelona,Barcelona, Spain
Beaverbrook Town House,London, United Kingdom
Canaves Oia Suites,Santorini, Greece
L'oscar,London, United Kingdom
The Fifteen Keys Hotel,Rome, Italy
La Mamounia,Marrakech, Morocco
Flat Mountain Farm,Highlands, United States
Baros,Maldives,Maldives
The Danai,Halkidiki, Greece
Grace La Margna St Moritz,St Moritz, Switzerland
The Soho Hotel,London, United Kingdom
Puente Romano Beach Resort,Marbella, Spain
The Murray,Hong Kong, China
Isla Palenque,Chiriquĩ Gulf, Panama
Capella Bangkok,Bangkok, Thailand
Viceroy Riviera Maya,Riviera Maya, Mexico
Nimb Hotel,Copenhagen, Denmark
Romeo Hotel,Naples, Italy
The Surfrider Malibu,Malibu, United States
Nolinski Paris,Paris, France
Como the Treasury,Perth, Australia
Il Salviatino,Florence, Italy
Six Senses Yao Noi,Phang Nga, Thailand
L'Hôtel Marrakech,Marrakech, Morocco
Bless Hotel Madrid,Madrid, Spain
Laluna,Grenada,Grenada
Long Bay Beach Resort,British Virgin Islands,British Virgin Islands
Badia di Pomaio,Tuscany, Italy
Round Hill Hotel & Villas,Jamaica,Jamaica
Casa Angelina,Amalfi Coast, Italy
Wildflower Farms,Hudson Valley, United States
M Lodge,Saint-Martin-de-Belleville, France
Continentale,Florence, Italy
Gyp Sea Saint Barth,St Barths, St. Barthélemy
NoMad London,London, United Kingdom
Montage Big Sky,Montana, United States
Uga Ulagalla,The Cultural Triangle, Sri Lanka
Wa Ale Island Resort,Myeik Archipelago, Myanmar (Burma)
Carneros Resort and Spa,California Wine Country, United States
Monaci delle Terre Nere,Sicily, Italy
Hôtel Madame Rêve,Paris, France
Borgo Egnazia,Puglia, Italy
Vik Chile,Millahue, Chile
Commodore Perry Estate,Austin, United States
The Ned NoMad,New York, United States
Palazzo Roma,Rome, Italy
The Place Firenze,Florence, Italy
20 Degres Sud,Mauritius,Mauritius
Viceroy Los Cabos,Los Cabos, Mexico
Beniya Mukayu,Kanazawa, Japan
Hotel Manapany,St Barths, St. Barthélemy
Rosewood Vienna,Vienna, Austria
Palazzo Avino,Amalfi Coast, Italy
Elizabeth Unique Hotel,Rome, Italy
The Ranch at Laguna Beach,Laguna Beach, United States
Soho Beach House Canouan,Grenadines, St. Vincent & Grenadines
Corral del Rey,Seville, Spain
Cotton House,St Vincent & the Grenadines, St. Vincent & Grenadines
Akelarre,San Sebastián, Spain
Six Senses Ibiza,Ibiza, Spain
Bahama House,Bahamas,Bahamas
Six Senses Fort Barwara,Rajasthan, India
Tamarind Hills Antigua,Antigua & Barbuda,Antigua & Barbuda
Labotessa Luxury Boutique Hotel,Cape Town, South Africa
Henry's Townhouse,London, United Kingdom
Bingalow,Austin, United States
The Loren at Pink Beach,Bermuda,Bermuda
Zannier Hotels Omaanda,Windhoek East, Namibia
The Upper House,Hong Kong, China
The First Musica,Rome, Italy
LeCrans,Crans-Montana, Switzerland
Nobu Hotel Santorini,Santorini, Greece
At Sloane,London, United Kingdom
Canaves Epitome,Santorini, Greece
Maison La Minervetta,Amalfi Coast, Italy
Lupaia,Tuscany, Italy
Villa Nai 3.3,Dugi Otok, Croatia
Canaves Ena,Santorini, Greece
Chateau Marmont,Los Angeles, United States
Posada Ayana,José Ignacio, Uruguay
Casa Olivia,Mérida, Mexico
Palazzo Venart,Venice, Italy
La Villa Gallici,Provence, France
Morgan's Rock Hacienda and Ecolodge,San Juan del Sur, Nicaragua
Hapuku Lodge & Tree Houses,Kaikoura, New Zealand
Cali Mykonos,Mykonos, Greece
Conti di San Bonifacio Wine Resort,Tuscany, Italy
Riad Vivre,Marrakech, Morocco
Hotel La Gemma,Florence, Italy
Portetta,Courchevel, France
The Newbury Boston,Boston, United States
Verride Palacio Santa Catarina,Lisbon, Portugal
Etereo,Riviera Maya, Mexico
Hotel De' Ricci,Rome, Italy
Chalets at Blackheath,Blue Mountains, Australia
Sikelia Luxury Retreat,Pantelleria, Italy
The Marlborough,Marlborough, New Zealand
Sungai Jungle Villa I,Bali, Indonesia
Six Senses Krabey Island,Krabey Island, Cambodia
Estancia la Bamba de Areco,Buenos Aires Province, Argentina
"The Oberoi, Marrakech",Marrakech, Morocco
Gran Hotel Inglés,Madrid, Spain
The Lombok Lodge,Lombok, Indonesia
Eliamos Villas Hotel & Spa,Kefalonia & Ithaca, Greece
La Réserve Genève Hotel & Spa,Geneva, Switzerland
Rosewood São Paulo,São Paulo, Brazil
Yeotown Madeira,Madeira, Portugal
Glenburn Tea Estate,West Bengal, India
Entre Cielos,Mendoza, Argentina
Grace Hotel,Santorini, Greece
Birkenhead House,Hermanus, South Africa
Samujana Villas,Koh Samui, Thailand
Broadwick Soho,London, United Kingdom
Masseria Torre Maizza,Puglia, Italy
Hotel Casa San Agustín,Cartagena, Colombia
Niyama Private Islands Maldives ,Maldives,Maldives
The Louise,Barossa Valley, Australia
Ca' Di Dio,Venice, Italy
Madeline Hotel & Residences,Telluride, United States
Milliken Creek Inn,California Wine Country, United States
Casa Gangotena,Quito, Ecuador
Southall Farm & Inn,Tennessee, United States
The Bowery,New York, United States
Beaverbrook,Surrey, United Kingdom
Leeu Estates,Franschhoek, South Africa
Como Shambhala Estate,Bali, Indonesia
Lily of the Valley,La Croix-Valmer, France
The Chedi Andermatt,Andermatt, Switzerland
Son Bunyola,Mallorca, Spain
Pa.te.os,Melides, Portugal
Palazzo Ripetta,Rome, Italy
Villa Marie Saint Tropez,St Tropez, France
The Inn at Mattei's Tavern,Santa Ynez Valley, United States
Ceylon Tea Trails,Hill Country, Sri Lanka
Banyan Tree Mayakoba,Playa del Carmen, Mexico
Trident Hotel,Jamaica,Jamaica
Rosewood Phuket,Phuket, Thailand
Hotel Pleta de Mar,Mallorca, Spain
Rosewood Luang Prabang,Luang Prabang, Laos
Tsala Treetop Lodge,The Garden Route, South Africa
Pendry Manhattan West,New York, United States
Amor Arenal,San Carlos, Costa Rica
Furore Grand Hotel,Amalfi Coast, Italy
Rosewood Munich,Munich, Germany
Bhutan Spirit Sanctuary,Paro, Bhutan
The Madrona,California Wine Country, United States
Aman Summer Palace,Beijing, China
Château Voltaire,Paris, France
Palazzina Grassi,Venice, Italy
Palazzo delle Pietre,Rome, Italy
Six Senses Uluwatu,Bali, Indonesia
Zanzibar White Sand,Zanzibar, Tanzania
Six Senses La Sagesse,Grenada,Grenada
Saint James Paris,Paris, France
Hotel Palazzo Manfredi,Rome, Italy
Capri Palace Jumeirah,Capri, Italy
Cascioni Eco Retreat,Sardinia, Italy
Cap Rocat,Palma, Spain
Soho House New York,New York, United States
Mystique,Santorini, Greece
Grand Hotel Son Net,Mallorca, Spain
One Aldwych,London, United Kingdom
Wild Coast Tented Lodge,Yala National Park, Sri Lanka
The Beaumont,London, United Kingdom
Selman,Marrakech, Morocco
Panoptis Escape,Mykonos, Greece
One&Only Cape Town,Cape Town, South Africa
Chablé Yucatán,Yucatán, Mexico
Erosantorini,Santorini, Greece
Grantley Hall,Ripon, United Kingdom
Saba Estate,Bali, Indonesia
La Sultana Oualidia,Oualidia, Morocco
Malliouhana,Anguilla,Anguilla
Cour des Vosges,Paris, France
Dunton Town House,Telluride, United States
Bellevue Syrene,Amalfi Coast, Italy
La Foleia,Piedmont, Italy
Six Senses Crans-Montana,Crans-Montana, Switzerland
Casa Polanco Boutique Hotel,Mexico City, Mexico
Coworth Park,Berkshire, United Kingdom
Heckfield Place,Hampshire, United Kingdom
Ham Yard Hotel,London, United Kingdom
El Perdido,Baja California, Mexico
Nolinski Venezia,Venice, Italy
Zannier Hotels Sonop,Karas Region, Namibia
Maalot Roma,Rome, Italy
Rosewood London,London, United Kingdom
Casa Chameleon Las Catalinas,Las Catalinas, Costa Rica
Monastero Santa Rosa,Amalfi Coast, Italy
Casa Molle,Elqui Valley, Chile
The Dolli,Athens, Greece
Stanley and Livingstone Boutique Hotel,Victoria Falls Private Game Reserve, Zimbabwe
Vora Villas,Santorini, Greece
Rancho Valencia,San Diego, United States
Arctic Treehouse Hotel,Rovaniemi, Finland
7132 Hotel,Vals, Switzerland
The Norman ,Tel Aviv, Israel
Chablé Maroma,Riviera Maya, Mexico
Nobu Hotel Marbella,Marbella, Spain
Artsy Cascais,Cascais, Portugal
Chileno Bay Resort & Residences,Los Cabos, Mexico
Forestis,South Tyrol, Italy
Como Uma Paro,Paro, Bhutan
Amanfayun,Hangzhou, China
Hotel Lungarno,Florence, Italy
The Inn at Newport Ranch,Fort Bragg, United States
The Battery San Francisco,San Francisco, United States
Residenza Napoleone III,Rome, Italy
Torfhús Retreat,Golden Circle, Iceland
Monteverdi Tuscany,Tuscany, Italy
Castello di Casole,Tuscany, Italy
The Hideout White Bay,British Virgin Islands,British Virgin Islands
Song Saa Private Island ,Koh Rong Islands, Cambodia
Le Grand Bellevue,Gstaad , Switzerland
Vakko Hotel & Residence,Istanbul, Turkey
The Outpost,Kruger National Park, South Africa
Six Senses Ninh Van Bay,Nha Trang, Vietnam
Silky Oaks Lodge,Daintree Rainforest, Australia
Como Castello del Nero,Tuscany, Italy
Coco Shambhala Sindhudurg,Sindhudurg, India
SB Winemaker’s House & Spa Suites,Mendoza, Argentina
Calabash Hotel,Grenada,Grenada
Ellerman House,Cape Town, South Africa
Amandayan,Lijiang, China
Rosewood Hong Kong,Hong Kong, China
Amanbagh,Rajasthan, India
La Réserve Eden au Lac Zurich,Zurich, Switzerland
Six Senses Kanuhura,Maldives,Maldives
"Buahan, a Banyan Tree Escape",Bali, Indonesia
JK Place Roma,Rome, Italy
The Venice Venice Hotel,Venice, Italy
Six Senses Shaharut,Negev Desert, Israel
Vaquera House,Crested Butte, United States
Amangalla,Galle, Sri Lanka
Le Coucou,Méribel, France
Equinox Hotel,New York, United States
Warren Street Hotel,New York, United States
La Samanna,St Martin, St. Martin
Elysian Retreat,Whitsundays, Australia
Hotel Vilòn,Rome, Italy
Maroma,Riviera Maya, Mexico
Trisara,Phuket, Thailand
Gangtey Lodge,Bhutan,Bhutan
Zannier Hotels Le Chalet,Megève, France
Bullo River Station,East Kimberley, Australia
Palm Heights,Grand Cayman, Cayman Islands
Jamtara Wilderness Camp,Pench National Park, India
One&Only The Palm,Dubai, United Arab Emirates
Alila Villas Uluwatu,Bali, Indonesia
The Maya Residence,Tulum, Mexico
R48 Hotel and Garden,Tel Aviv, Israel
Capella Singapore,Singapore,Singapore
Six Senses Fiji,Fiji Islands, Fiji
Annandale,Pigeon Bay, New Zealand
Explora Atacama,Atacama Desert, Chile
Uga Chena Huts,Yala National Park, Sri Lanka
Mount Nelson,Cape Town, South Africa
Cherero Camp,Serengeti National Park, Tanzania
Aurari Camp,Serengeti National Park, Tanzania
Bishop's Lodge,Santa Fe, United States
Chiltern Firehouse,London, United Kingdom
Il San Corrado di Noto,Noto, Italy
Solage,California Wine Country, United States
Montage Los Cabos,Los Cabos, Mexico
Yeotown Devon,Devon, United Kingdom
Montage Healdsburg,Sonoma County, United States
Hotel Christopher,St Barths, St. Barthélemy
Palazzo Cristo,Venice, Italy
JK Place Paris,Paris, France
Susurros del Corazon,Nayarit, Mexico
Origins Lodge,Bijagua, Costa Rica
The Mercer,New York, United States
The Whitby Hotel,New York, United States
Soneva Kiri,Koh Kood, Thailand
Hacienda La Danesa,Guayas Province, Ecuador
Hotel Jerome,Aspen, United States
Royal Champagne Hotel & Spa,Champagne, France
Amanruya,Bodrum Peninsula, Turkey
Hotel Château du Grand-Lucé,Loire Valley, France
Conservatorium,Amsterdam, Netherlands
El Encanto,Santa Barbara, United States
Rosewood Little Dix Bay,British Virgin Islands,British Virgin Islands
Rosewood Mayakoba,Playa del Carmen, Mexico
Paradero Todos Santos,Baja California, Mexico
Rosewood Baha Mar,Bahamas,Bahamas
Amanyangyun,Shanghai, China
The Fifth Avenue Hotel,New York, United States
Le Sereno,St Barths, St. Barthélemy
Secret Bay,Dominica,Dominica
Amanoi,Ninh Thuan Province, Vietnam
Sequoia Lodge,Adelaide Hills , Australia
"Silvestre Nosara, Hotel & Residences",Nosara, Costa Rica
Huvafen Fushi,Maldives,Maldives
La Residence,Garden Route & Winelands, South Africa
The Reform Club,Hamptons, United States
Ananda in the Himalayas,Himalayas, India
Mayflower Inn & Spa​,Connecticut, United States
Finca Cortesin,Marbella, Spain
Casa Cipriani New York,New York, United States
Amanwella ,Tangalle, Sri Lanka
Explora Rapa Nui,Easter Island, Chile
Mhondoro Safari Lodge,Welgevonden Game Reserve, South Africa
Maradiva Villas Resort & Spa,Mauritius,Mauritius
Six Senses Kyoto,Kyoto, Japan
Hotel Le Toiny,St Barths, St. Barthélemy
Portrait Roma,Rome, Italy
Kalesma Mykonos,Mykonos, Greece
Zuri Zanzibar,Zanzibar, Tanzania
Qualia,Whitsundays, Australia
Marbella Club,Marbella, Spain
Hotel Savoy,Florence, Italy
Opsis Villas,Zakynthos, Greece
Azur Lodge,Queenstown, New Zealand
Esperanza,Los Cabos, Mexico
Jean-Michel Cousteau Resort,Fiji Islands, Fiji
"Sugar Beach, a Viceroy Resort",St Lucia, St. Lucia
The Darling,Copenhagen, Denmark
Olinto Atlas Mountain Retreat,Atlas Mountains, Morocco
Amanjena ,Marrakech, Morocco
Samode Safari Lodge,Bandhavgarh, India
Villa Igiea,Sicily, Italy
"The Oberoi Beach Resort, Mauritius",Mauritius,Mauritius
Como Cocoa Island,Maldives,Maldives
Six Senses Zighy Bay,Musandam, Oman
Six Senses Con Dao,Con Dao Islands, Vietnam
Umiltà 36,Rome, Italy
Rosewood Villa Magna,Madrid, Spain
Zori Timeless Hotel,Hvar, Croatia
Borgo Santandrea,Amalfi Coast, Italy
The Silo Hotel,Cape Town, South Africa
Casa Silencio,Oaxaca, Mexico
Zaborin,Niseko, Japan
Palazzo Margherita,Basilicata, Italy
Pacuare Lodge,Costa Rica,Costa Rica
Gorah Elephant Camp,The Garden Route, South Africa
Janu Tokyo,Tokyo, Japan
Milaidhoo Maldives,Maldives,Maldives
Amandari,Bali, Indonesia
Impression Isla Mujeres by Secrets,Isla Mujeres, Mexico
Crosby Street Hotel,New York, United States
Sunset Reef St Kitts,St Kitts & Nevis, St. Kitts & Nevis
Castello di Vicarello,Tuscany, Italy
Palazzo Garzoni,Venice, Italy
Esiweni Lodge,Nambiti Game Reserve, South Africa
Vomo Island Fiji,Fiji Islands, Fiji
Likuliku Lagoon Resort,Fiji Islands, Fiji
Mahu Whenua,Wanaka, New Zealand
Marataba,Marakele National Park, South Africa
One&Only Le Saint Géran,Poste de Flacq, Mauritius
Casa Cipriani Milano,Milan, Italy
Rosewood Matakauri,Queenstown, New Zealand
Explora Patagonia National Park,Chilean Patagonia, Chile
Eagles Nest,Bay of Islands, New Zealand
Cap Estel,Côte d'Azur, France
Como Parrot Cay,Turks & Caicos, Turks & Caicos Islands
Amanjiwo,Yogyakarta, Indonesia
One&Only Palmilla,Los Cabos, Mexico
Royal Davui Island Resort Fiji,Fiji Islands, Fiji
Our Habitas Namibia,Namibia,Namibia
Amankila,Bali, Indonesia
Bijal,Antalya Province, Turkey
Gili Lankanfushi,Maldives,Maldives
Explora El Chaltén,Argentine Patagonia, Argentina
One&Only Aesthesis,Athens Riviera, Greece
JK Place Capri,Capri, Italy
Amanpuri,Phuket, Thailand
Rosewood Kona Village,Hawaii, United States
Orpheus Island,Great Barrier Reef, Australia
Titilaka,Lake Titicaca, Peru
Temple Guiting Manor & Barns,Cheltenham, United Kingdom
Amantaka,Luang Prabang, Laos
Hotel Castello di Reschio,Umbria, Italy
Como Maalifushi,Maldives,Maldives
Capella Ubud,Bali, Indonesia
Mount Mulligan Lodge,Mount Mulligan, Australia
Villa La Coste,Provence, France
Delaire Graff Estate,Stellenbosch, South Africa
The Greenwich Hotel,New York, United States
Portrait Firenze,Florence, Italy
Kinloch Manor & Villas,Lake Taupo, New Zealand
Aman-i-Khás,Ranthambore National Park, India
Rosewood Bermuda,Bermuda,Bermuda
Dunton Hot Springs,San Juan Mountains, United States
Sal Salis,Ningaloo Reef, Australia
Hacienda AltaGracia,San Jose Province, Costa Rica
Soori Bali,Bali, Indonesia
Rosewood Le Guanahani,St Barths, St. Barthélemy
Six Senses Laamu,Maldives,Maldives
Azura Benguerra,Benguerra Island, Mozambique
Rosewood Las Ventanas al Paraíso,Los Cabos, Mexico
Explora Torres del Paine,Patagonia, Chile
Caldera House,Jackson Hole, United States
Six Senses Residences Courchevel,Courchevel, France
Cap Juluca,Anguilla,Anguilla
The Temple House,Chengdu, China
Six Senses Zil Pasyon,Seychelles,Seychelles
Scarp Ridge Lodge,Crested Butte, United States
Patina Maldives,Maldives, 
One&Only Mandarina,Nayarit, Mexico
Amanemu,Ise-Shima National Park, Japan
Ocio Villas by Casa Chameleon,Santa Teresa, Costa Rica
Lizard Island,Great Barrier Reef, Australia
Kasbah Tamadot,Atlas Mountains, Morocco
Anantara Golden Triangle Elephant Camp & Resort,Chiang Rai, Thailand
Six Senses Rome,Rome, Italy
Madikwe Safari Lodge,Madikwe Game Reserve, South Africa
AndBeyond Vira Vira,Chilean Lake District, Chile
Shinsho-an,Kyoto, Japan
Hotel Esencia,Riviera Maya, Mexico
Eleven Taylor River Lodge,Almont, United States
The Aerial BVI,British Virgin Islands,British Virgin Islands
The Lindis,Ahuriri Valley, New Zealand
Marramarra Lodge,Berowra Waters, Australia
Pretty Beach House,Central Coast, Australia
Six Senses Douro Valley,Douro Valley, Portugal
The Shinmonzen,Kyoto, Japan
Rosewood Castiglion del Bosco,Tuscany, Italy
Wharekauhau Country Estate,Wairarapa, New Zealand
Grand Hotel Tremezzo,Lake Como, Italy
Bawah Reserve,Bawah Island, Indonesia
Mashpi Lodge,Andean Highlands, Ecuador
The Lodge at Blue Sky,Park City, United States
The Retreat at Blue Lagoon,Grindavik, Iceland
Lion Sands Game Reserve,Kruger National Park, South Africa
Amanzoe,East Peloponnese, Greece
Tierra Atacama Hotel & Spa, Atacama Desert, Chile
Etali Safari Lodge,Madikwe Game Reserve, South Africa
Hotel de la Ville,Rome , Italy
"Ambiente, a Landscape Hotel",Sedona, United States
Amanpulo,Pamalican Island, Philippines
Amansara,Siem Reap, Cambodia
Rosewood Cape Kidnappers,Hawke's Bay, New Zealand
Rosewood Kauri Cliffs,Bay of Islands, New Zealand
Amangani,Jackson Hole, United States
Casa Adela,San Miguel de Allende, Mexico
Dar Ahlam,Ouarzazate, Morocco
Tierra Chiloe Hotel & Spa,Chiloé, Chile
Southern Ocean Lodge,Kangaroo Island, Australia
Passalacqua,Lake Como, Italy
Il Sereno,Lake Como, Italy
Amanwana,Moyo Island, Indonesia
Awasi Atacama,Atacama Desert, Chile
Bamurru Plains,Top End, Australia
Shinta Mani Mustang,Mustang, Nepal
Aman Tokyo,Tokyo, Japan
Anantara Maia Seychelles Villas,Seychelles,Seychelles
Victoria Falls River Lodge,Victoria Falls, Zimbabwe
Hermitage Bay,Antigua & Barbuda,Antigua & Barbuda
Soneva Fushi,Maldives,Maldives
Soneva Jani,Maldives,Maldives
The Paramour Estate,Los Angeles, United States
La Réserve Hotel and Spa Paris,Paris, France
Tierra Patagonia Hotel & Spa,Patagonia, Chile
Rosewood Hôtel de Crillon,Paris, France
Awasi Iguazú,Iguazú Falls, Argentina
One&Only Reethi Rah,Maldives,Maldives
Aman New York,New York, United States
Aman Venice,Venice, Italy
Villa Dubrovnik,Dubrovnik, Croatia
Huka Lodge,Lake Taupo, New Zealand
Aman Villas at Nusa Dua,Bali, Indonesia
One&Only Nyungwe House,Nyungwe National Park, Rwanda
Mahali Mzuri,Maasai Mara, Kenya
Jumby Bay Island,Antigua & Barbuda,Antigua & Barbuda
Awasi Patagonia,Chilean Patagonia, Chile
Etra Collection,Florence, Italy
The Nautilus Maldives,Maldives,Maldives
Amanyara,Turks & Caicos, Turks & Caicos Islands
Nihi Sumba,Sumba, Indonesia
Longitude 131°,Red Centre, Australia
Joali Being,Maldives,Maldives
Ulusaba,Sabi Sands Game Reserve, South Africa
Amanera,Dominican Republic,Dominican Republic
Aman Kyoto,Kyoto, Japan
Shinta Mani Wild,Kirirom National Park, Cambodia
Nay Palad Hideaway,Siargao Island, Philippines
Joali,Maldives,Maldives
Ambergris Cay,Turks & Caicos, Turks & Caicos Islands
Rocco Forte House,Rome, Italy
One&Only Kéa Island,Kéa, Greece
Twin Farms,Vermont, United States
The Ranch at Rock Creek,Montana, United States
Little Palm Island Resort & Spa,Florida Keys, United States
Scorpios Bodrum,Bodrum Peninsula, Turkey
Aman Le Mélézin,Courchevel, France
Pikaia Lodge,Galápagos Islands, Ecuador
Kudadoo,Maldives,Maldives
Deplar Farm,Troll Peninsula, Iceland
La Mourra Hôtel Village,Val d'Isère, France
One&Only Gorilla's Nest,Kinigi, Rwanda
The Brando,Tetiaroa, French Polynesia
Amangiri,Lake Powell, United States
Kisawa Sanctuary,Benguerra Island, Mozambique
Como Laucala Island,Fiji Islands , Fiji
Ultima Courchevel Belvédère,Courchevel, France
The Chedi El Gouna,Red Sea, Egypt
Severin's Alpine Retreat,Lech, Austria
Lake Kora,Upstate New York, United States
Arctic Bath,Norrbotten County, Sweden
Six Senses Bumthang,Bumthang, Bhutan
Rio Palena Lodge,"Patagonia, Chile", Chile
Como Uma Punakha,Punakha , Bhutan
Singita Boulders,Kruger National Park, South Africa
Singita Lebombo,Kruger National Park, South Africa
Singita Ebony,Kruger National Park, South Africa
Singita Sweni,Kruger National Park, South Africa
Six Senses Punakha,Punakha , Bhutan
Six Senses Thimphu,Thimphu, Bhutan
Six Senses Paro,Paro, Bhutan
Rancho Pillow,Round Top, United States
Trevose Harbour House,Cornwall, United Kingdom
Anopura,Jaipur, India
PGA National Resort,Florida, United States
Hotel Tivoli,Upstate New York, United States
The Publishing House,Chicago, United States
Río Hermoso,San Martin de los Andes, Argentina
Maison Ila,Languedoc-Roussillon, France
Stone House Bali,Ubud, Indonesia
Cedar Lakes Estate,Upstate New York, United States
Experimental Chalet Verbier,Verbier, Switzerland
Spicers Balfour Hotel ,Brisbane, Australia
The Stay Warehouse,Alaçatı, Turkey
Colima 71,Mexico City, Mexico
Be Jardin Escondido,Buenos Aires, Argentina
Six Senses Qing Cheng Mountain,Chengdu, China
"Suiran Hotel, Kyoto",Kyoto, Japan
Vahine Island ,Tahaa, French Polynesia
Botanique Hotel & Spa,Mantiqueira Mountains, Brazil
Washington School House,Park City, United States
Bebek Hotel,istanbul, Turkey
Calin,Provence, France
Galapagos Safari Camp,Galápagos Islands, Ecuador
Capella Lodge,Lord Howe Island, Australia
Etnia Casa Hotel,Bahia, Brazil
GrayBarns,Connecticut , United States
Playa Grande Beach Club,Dominican Republic,Dominican Republic
The Rooster,Antiparos, Greece
Chalet Pelerin,Le Miroir, France
Arkaba,Flinders Ranges, Australia
Shakti Sikkim Village Walk,Himalayas, India
Shakti Kumaon Village Walk,Himalayas, India
Sterrekopje Farm,Franschhoek, South Africa
Treehotel,Norrbotten County, Sweden
Royal Malewane,Kruger National Park, South Africa
Te Koi The Lodge at Bronte,Nelson, New Zealand
Dunton River Camp,San Juan Mountains, United States
Shakti Ladakh Village Experience,Himalayas, India
Six Senses Gangtey,Gangtey, Bhutan
La Réserve Paris Apartments,Paris, France
The Twenty Two,London, United Kingdom
Amankora Punakha Lodge,Punakha, Bhutan
Amankora Bumthang Lodge,Bumthang, Bhutan
Amankora Gangtey Lodge,Gangtey, Bhutan
Amankora Paro Lodge,Paro, Bhutan
Amankora Thimphu Lodge,Thimphu, Bhutan
Matetsi Victoria Falls,Matetsi Private Game Reserve, Zimbabwe
Shakti 360° Leti,Himalayas, India
Coral Caye,Placencia, Belize
Casa Angelina Zihuatanejo,Zihuatanejo, Mexico
Fogo Island Inn,Newfoundland and Labrador, Canada
Clayoquot Wilderness Lodge,Vancouver Island, Canada
Finch Hattons,Tsavo, Kenya
Nimmo Bay Wilderness Resort,British Columbia, Canada
Magic Camps Dubai,Dubai, United Arab Emirates
Portrait Milano,Milan, Italy
Sopris House,Crested Butte, United States
Magic Camps Oman,Muscat, Oman
Magic Camps Abu Dhabi,Abu Dhabi, United Arab Emirates
Cayo Espanto,San Pedro, Belize
Post Ranch Inn,Big Sur, United States
The Landing Residences,Bay of Islands, New Zealand
Chalet Hibou,Le Miroir, France
Sequoia Yacht,Raja Ampat, Indonesia
Octola Private Wilderness,Rovaniemi, Finland
